DATE_TIME,CO,NO2,SO2,CH4
2025-08-30,,,,
2025-08-31,,,7.386825927824248e-06,
2025-09-01,,,,
2025-09-02,,,-0.000234666295000352,
2025-09-03,,,,
2025-09-04,,,,
2025-09-05,,,,
2025-09-06,0.02654056437313557,1.030403200275032e-05,0.0001949129073182121,
2025-09-07,,,,
2025-09-08,,,6.852320666439482e-07,
2025-09-09,,,1.297364451602334e-05,
2025-09-10,,,,
2025-09-11,,,,
2025-09-12,0.02572784572839737,,,
2025-09-13,,,,
2025-09-14,,,,
2025-09-15,0.02577512711286545,,-7.023982470855117e-05,
2025-09-16,,1.286085171159357e-05,0.0001906051184050739,
2025-09-17,,1.28814926938503e-05,6.44826068310067e-05,
2025-09-18,,1.844873850131989e-06,-4.876991442870349e-05,
2025-09-19,,,,
2025-09-20,,,4.285563409212045e-05,
2025-09-21,0.02956907823681831,,,
2025-09-22,,,7.223220018204302e-05,
2025-09-23,0.03687675297260284,-2.132771754759233e-07,-9.24184041650733e-06,
2025-09-24,,,,
2025-09-25,,,-0.0001611405605217442,
2025-09-26,0.02728795073926449,1.800070776880602e-06,-1.531498492113315e-05,
2025-09-27,0.02331777475774288,,,
2025-09-28,,,,
2025-09-29,,,,
2025-09-30,0.03143143281340599,5.958593192190165e-06,4.615540819941089e-05,
2025-10-01,,-2.903822426958413e-08,2.96921771223424e-05,
2025-10-02,0.02485382743179798,-4.390814410726307e-06,-0.0001230676134582609,
2025-10-03,,,,
2025-10-04,,,,
2025-10-05,,2.618887720018392e-06,0.0001151385004050098,
2025-10-06,,4.341601652413374e-06,-8.667224028613418e-05,
2025-10-07,,,,
2025-10-08,0.02723526023328304,2.136485272785649e-05,-2.979370401590131e-05,
2025-10-09,,-5.238175617705565e-06,7.148550503188744e-05,
2025-10-10,,,,
2025-10-11,,,,
2025-10-12,,,,
2025-10-13,,,,
2025-10-14,0.03395887836813927,9.989468708226923e-06,4.861436173086986e-05,
2025-10-15,,1.623395110073034e-05,4.280459506844636e-06,
2025-10-16,,,,
2025-10-17,,,-0.0001137247236329131,
2025-10-18,,,,
2025-10-19,,,,
2025-10-20,,,,
2025-10-21,,2.12651320907753e-06,-2.94664077955531e-05,
2025-10-22,,,,
2025-10-23,,,,
2025-10-24,,,,
2025-10-25,,,,
2025-10-26,,6.998187018325552e-06,-0.0002562112640589476,
2025-10-27,0.02615662105381489,2.897286776715191e-06,2.602974927867763e-05,
2025-10-28,0.02536521293222904,2.47984803536383e-06,-8.174632239388302e-05,
2025-10-29,,5.085833890916547e-06,2.285913615196478e-05,
2025-10-30,0.02809298411011696,5.166737537365407e-06,-4.236363747622818e-05,
2025-10-31,0.02854568883776665,,-4.197225109692226e-07,
2025-11-01,,-1.208293497256818e-06,8.962918946053833e-05,
2025-11-02,0.03335333243012428,1.75193290488096e-05,-3.641518560471013e-05,
2025-11-03,,,,
2025-11-04,,,,
2025-11-05,,,,
2025-11-06,,,,
2025-11-07,,5.356927431421354e-06,-8.920364052755758e-05,
2025-11-08,,,7.138225919334218e-05,
2025-11-09,,,-0.0001817121665226296,
2025-11-10,,,,
2025-11-11,,,,
2025-11-12,,,,
2025-11-13,0.02645068056881428,8.028890619016238e-08,-5.300886550685391e-05,
2025-11-14,0.02414821833372116,,7.692540384596214e-05,
2025-11-15,,,2.691621193662286e-05,
2025-11-16,,,1.326822439295938e-05,
2025-11-17,,,,
2025-11-18,,,,
2025-11-19,,,,
2025-11-20,,,,
2025-11-21,,,,
2025-11-22,,,,
2025-11-23,,,,
2025-11-24,,,,
2025-11-25,,,,
2025-11-26,,,,
2025-11-27,,,,
2025-11-28,,,,
2025-11-29,,,,
2025-11-30,,,,
2025-12-01,0.02785047516226768,,,
2025-12-02,,,,
2025-12-03,0.02751798741519451,,-0.0001142384935519658,
2025-12-04,,,-0.0001863936777226627,
2025-12-05,0.03109080158174038,6.921320164110512e-06,-7.450288103427738e-05,
2025-12-06,0.02918673306703568,-2.070836444545421e-06,-2.169942672480829e-05,
2025-12-07,,,,
2025-12-08,,,,
2025-12-09,,,,
2025-12-10,,,,
2025-12-11,,,,
2025-12-12,,,,
2025-12-13,,,,
2025-12-14,,,,
2025-12-15,,,,
2025-12-16,0.03437379747629166,,-0.0001718216662993655,
2025-12-17,0.02794068492949009,1.598369976818503e-06,-0.0001362510374747217,
2025-12-18,,4.237283519614721e-06,3.796549935941584e-05,
2025-12-19,0.03258976712822914,1.304543843616557e-06,-3.31208466377575e-05,
2025-12-20,,,,
2025-12-21,0.0330459401011467,,4.489706407184713e-05,
2025-12-22,0.03263585269451141,9.643224984756671e-06,0.0001125685957958922,
2025-12-23,,1.04521750472486e-05,-4.166612416156568e-05,
2025-12-24,,-8.097249519778416e-07,4.442606950760819e-05,
2025-12-25,,,,
2025-12-26,,,,
2025-12-27,,,0.0001225100131705403,
2025-12-28,,,-0.0001491135481046513,
2025-12-29,,-8.560232345189434e-06,1.57115518959472e-05,
2025-12-30,,,,
2025-12-31,0.03125065937638283,,,
2026-01-01,,,,
2026-01-02,,,,
2026-01-03,,,0.0001245547900907695,
2026-01-04,,,,
2026-01-05,0.03289474174380302,,-4.874123987974599e-05,
2026-01-06,0.03473242744803429,,,
2026-01-07,0.03234855085611343,,-7.636057125637308e-05,
2026-01-08,,,,
2026-01-09,,,,
2026-01-10,,3.756447767955251e-06,0.00010040510824183,
2026-01-11,0.03935566544532776,-5.460039574245457e-06,6.092143667046912e-05,
2026-01-12,0.03200484812259674,2.036506430158624e-06,-9.770210454007611e-05,
2026-01-13,0.0391426682472229,,-8.320763299707323e-05,
2026-01-14,,,,
2026-01-15,,,,
2026-01-16,0.03732169419527054,,,
2026-01-17,,,,
2026-01-18,0.02666407637298107,,2.024052264459897e-05,
2026-01-19,,,8.701705519342795e-05,
2026-01-20,0.03330201655626297,7.464528152922867e-06,0.0001168249727925286,
2026-01-21,,,,
2026-01-22,0.03508919849991798,7.230461960716639e-06,-6.546846270794049e-05,
2026-01-23,,,-0.0001125970666180365,
2026-01-24,,1.502707436884521e-05,-3.09755741909612e-05,
2026-01-25,0.03676414117217064,1.377160515403375e-05,0.0002198197325924411,
2026-01-26,,5.368598976929206e-06,3.107741940766573e-05,
2026-01-27,,,,
2026-01-28,,,,
2026-01-29,,3.247817858209601e-06,-2.569092430348974e-05,
2026-01-30,,,3.542213380569592e-05,
2026-01-31,,,,
2026-02-01,,,,
2026-02-02,,,-6.347449379973114e-05,
2026-02-03,,2.024934838118497e-05,1.312526637775591e-05,
2026-02-04,,7.156146693887422e-06,-5.043532655690797e-05,
2026-02-05,,,-0.0001056598703144118,
2026-02-06,,,,
2026-02-07,,,,
2026-02-08,,,,
2026-02-09,,,,
2026-02-10,0.03400110825896263,-6.775218935217708e-06,-5.514486110769212e-05,
2026-02-11,,,,
2026-02-12,,2.136355305992765e-06,3.707694486365654e-05,
2026-02-13,,,2.266950832563452e-05,
2026-02-14,,,,
2026-02-15,,,,
2026-02-16,,,,
2026-02-17,,,,
2026-02-18,0.02735237590968609,,,
2026-02-19,,,-9.450491779716685e-05,
2026-02-20,0.03624209016561508,6.388463589246385e-06,-7.089083374012262e-05,
2026-02-21,0.02936896681785583,,,
2026-02-22,,,-4.46046979050152e-05,
2026-02-23,0.02991291135549545,5.719832188333385e-06,-5.913818313274533e-05,
2026-02-24,,,,
2026-02-25,,,,
2026-02-26,,,,
2026-02-27,,2.726497768890113e-06,-2.697251511563081e-05,
2026-02-28,0.03026768006384373,,,
2026-03-01,0.02653595432639122,,-2.973743539769202e-05,
2026-03-02,,,4.365663698990829e-05,
2026-03-03,,,-0.000246770097874105,
2026-03-04,,,,
2026-03-05,0.02702660672366619,,,
2026-03-06,0.01975966244935989,,,
2026-03-07,0.03061642870306969,,-2.337263322260696e-05,
2026-03-08,0.03054310567677021,,-6.034142643329687e-05,
2026-03-09,,,,
2026-03-10,,,,
2026-03-11,,5.538623099710094e-06,5.151354343979619e-06,
2026-03-12,,7.817090590833686e-06,4.655823067878373e-05,
2026-03-13,,1.03716856756364e-05,0.0003972428676206619,
2026-03-14,,,,
2026-03-15,0.03704537823796272,-5.061910542281112e-06,-0.0002159954747185111,
2026-03-16,0.02439313381910324,-5.196878646529512e-06,-0.0002025764842983335,
2026-03-17,,,,
2026-03-18,0.03500678762793541,6.935557848919416e-06,-2.433309600746725e-05,
2026-03-19,,,,
2026-03-20,0.03476443886756897,,-2.426229002594482e-05,
2026-03-21,0.0326833464205265,9.458729437028524e-06,0.0001522189559182152,
2026-03-22,0.03176603838801384,,,
2026-03-23,,,,
2026-03-24,,,1.673750375630334e-05,
2026-03-25,,,,
2026-03-26,,,,
2026-03-27,,,,
2026-03-28,,,,
2026-03-29,,,,
2026-03-30,,2.895619672926841e-06,-8.40096254250966e-05,
2026-03-31,,,-9.481547022005543e-05,
2026-04-01,,,,
2026-04-02,0.03226940706372261,,,
2026-04-03,,,,
2026-04-04,,,,
2026-04-05,,,,
2026-04-06,0.03316314145922661,,2.305820771653089e-06,
2026-04-07,,,0.0001041823998093605,
2026-04-08,0.0284667331725359,1.43790612128214e-05,0.0002293015277246013,
2026-04-09,,,,
2026-04-10,0.02541236579418182,,6.794188811909407e-05,
2026-04-11,,,,
2026-04-12,,,,
2026-04-13,0.02965486235916615,,-9.687888086773455e-05,
2026-04-14,0.02811415866017342,,-2.226357992185513e-06,
2026-04-15,,,-0.0007351244566962123,
2026-04-16,,7.592852398374816e-06,1.038746177073335e-05,
2026-04-17,,8.283675015263725e-06,1.346903445664793e-05,
2026-04-18,0.02407964691519737,3.306578832962259e-07,-2.84164258346209e-07,
2026-04-19,,9.138351742876694e-06,6.21456783846952e-05,
2026-04-20,,,-0.0002232687984360382,
2026-04-21,,,,
2026-04-22,,,,
2026-04-23,,,,
2026-04-24,,1.65569090313511e-05,0.0001600688992766663,
2026-04-25,,,0.0004205860022921115,
2026-04-26,,6.719204066030215e-06,-0.0001483593950979412,
2026-04-27,,,-0.0001960950467037037,
2026-04-28,0.02977384254336357,,3.377261236892082e-05,
2026-04-29,,4.454136615095194e-06,1.585064092068933e-05,
2026-04-30,,1.532167516415939e-05,0.000155820045620203,
2026-05-01,,,,
2026-05-02,,,,
2026-05-03,,,0.0001250236964551732,
2026-05-04,0.03098706528544426,4.248815457685851e-06,4.317812999943271e-05,
2026-05-05,,3.530584308464313e-06,,
2026-05-06,,-6.044708243280184e-06,6.602575012948364e-06,
2026-05-07,,1.47975106301601e-06,-1.081545360648306e-05,
2026-05-08,,,,
2026-05-09,0.03352169692516327,1.772422911017202e-05,9.609917469788343e-05,
2026-05-10,0.0292123444378376,,4.716241164715029e-05,
2026-05-11,,,,
2026-05-12,0.02665727958083153,-4.763055130752036e-06,5.678662637365051e-05,
2026-05-13,,,,
2026-05-14,,,,
2026-05-15,,,,
2026-05-16,,,,
2026-05-17,,,,
2026-05-18,,,,
2026-05-19,,,,
2026-05-20,,,,
2026-05-21,,,8.207614155253395e-05,
2026-05-22,,,,
2026-05-23,,2.153935838578036e-06,-4.385057400213555e-05,
2026-05-24,,,,
2026-05-25,0.02515279315412045,2.787209723464912e-06,4.100255682715215e-05,
2026-05-26,,5.563847935263766e-06,4.538152643362992e-05,
2026-05-27,,,,
2026-05-28,0.02445614337921143,,,
2026-05-29,0.02762753888964653,,,
2026-05-30,0.02612983249127865,,,
2026-05-31,,1.99353089556098e-05,-0.0001710379146970809,
2026-06-01,0.02684872411191463,,-5.521241473616101e-05,
2026-06-02,,,-0.0001155298959929496,
2026-06-03,,-7.252318027894944e-06,-0.0001494246680522338,
2026-06-04,,1.241480913449777e-05,0.0001113110483856872,
2026-06-05,,,-0.0001554777409182861,
2026-06-06,0.03335437551140785,-3.353923375470913e-06,4.293767415219918e-05,
2026-06-07,,,0.0001853918802225962,
2026-06-08,0.028570257127285,,,
2026-06-09,,,,
2026-06-10,,,,
2026-06-11,,2.810485511872685e-06,-5.730487828259356e-05,
2026-06-12,,,-0.0001697586267255247,
2026-06-13,0.03183449804782867,1.112620248022722e-05,5.355352550395764e-05,
2026-06-14,,,,
2026-06-15,,,,
2026-06-16,,-1.015158773043368e-06,-0.0001222757127834484,
2026-06-17,,,-1.299372161156498e-05,
2026-06-18,,8.133937626553234e-06,0.0001082975068129599,
2026-06-19,0.02913003973662853,,0.0001816759759094566,
2026-06-20,,,-6.723448314005509e-05,
2026-06-21,0.02978398278355598,,,
2026-06-22,,9.096036592382006e-06,-5.696520020137541e-05,
2026-06-23,,,-4.733650257549016e-06,
2026-06-24,,,,
2026-06-25,,,,
2026-06-26,,1.373140912619419e-05,7.548832945758477e-05,
2026-06-27,0.02187537215650082,-2.212899943287994e-07,0.0001727160852169618,
2026-06-28,,,3.338956230436452e-05,
2026-06-29,,,,
2026-06-30,,,,
2026-07-01,,,,
2026-07-02,0.02223416045308113,,-5.447936928248964e-06,
2026-07-03,0.02799677476286888,,-4.484168312046677e-05,
2026-07-04,,4.09147605751059e-06,0.0002134984824806452,
2026-07-05,,,,
2026-07-06,0.03474530950188637,1.252996389666805e-05,0.0002535310632083565,
2026-07-07,0.024580929428339,1.288568398649659e-07,0.0001151194592239335,
2026-07-08,0.03162375837564468,,8.673997945152223e-05,
2026-07-09,,,4.06124017899856e-05,
2026-07-10,0.02978713437914848,1.625088088985649e-06,-4.437464667716995e-05,
2026-07-11,0.02209873124957085,,,
2026-07-12,,,,
2026-07-13,,-4.735555876322906e-07,0.0001076536427717656,
2026-07-14,,1.694336219770776e-06,1.502038139733486e-05,
2026-07-15,0.02021018229424953,,2.361460246902425e-05,
2026-07-16,,,-7.228361209854484e-05,
2026-07-17,,2.058274731098209e-05,-0.0002645548374857754,
2026-07-18,0.02437717653810978,,,
2026-07-19,,,-1.088394765247358e-05,
2026-07-20,,,,
2026-07-21,0.0361153855919838,,,
2026-07-22,,,,
2026-07-23,0.02465270087122917,7.242654191941256e-06,1.199963935505366e-05,
2026-07-24,,,,
2026-07-25,,,,
2026-07-26,0.02886437438428402,,,
2026-07-27,,,-0.0002839041699189693,
2026-07-28,,,,
2026-07-29,,,,
2026-07-30,,,,
2026-07-31,,5.104027422930812e-07,-7.596813520649448e-05,
2026-08-01,0.03139057382941246,-2.781300281640142e-06,1.962024362001102e-05,
2026-08-02,0.03128364682197571,7.175021892180666e-06,-2.730344931478612e-05,
2026-08-03,,,,
2026-08-04,0.02592587098479271,,2.878902159864083e-05,
2026-08-05,,,,
2026-08-06,,,0.000121591700008139,
2026-08-07,,,6.371649214997888e-05,
2026-08-08,,8.08451432021684e-07,1.214596886711661e-05,
2026-08-09,0.02493089064955711,,,
2026-08-10,,,-0.0003717008221428841,
2026-08-11,0.03192020952701569,-2.861663688236149e-06,-2.848230360541493e-05,
2026-08-12,,4.16640290268333e-07,-2.775247958197724e-05,
2026-08-13,,,,
2026-08-14,,,,
2026-08-15,,1.182810501632048e-05,8.928907482186332e-05,
2026-08-16,0.02905945852398872,-1.239779749084846e-06,0.0001670572382863611,
2026-08-17,0.03322684392333031,6.784109245927539e-06,2.240864523628261e-05,
2026-08-18,,1.145635724242311e-05,0.0002565600734669715,
2026-08-19,,,,
2026-08-20,,1.14466038212413e-05,-0.0001904204691527411,
2026-08-21,,4.315703336033039e-06,0.0001923252420965582,
2026-08-22,0.03229837864637375,8.882714610081166e-06,-7.151714089559391e-05,
2026-08-23,,,,
2026-08-24,,,,
2026-08-25,,,-0.0001093651953851804,
2026-08-26,,3.325878196847043e-06,-7.601519610034302e-05,
2026-08-27,0.03663362190127373,,,
2026-08-28,0.03201808407902718,1.85737576430256e-06,5.866435458301567e-05,1892.82470703125
2026-08-29,,2.159944642698974e-06,-3.214981916244142e-05,
2026-08-30,,,,
