Tanggal,NO2 (Harian),NO2 (30-hari MA),CO (Harian),CO (30-hari MA),SO2 (Harian),SO2 (30-hari MA),CH4 (Harian),CH4 (30-hari MA)
45899,14.3635029711841,14.3635029711841,0.0261076392945691,0.0261076392945691,1.26877900813191,1.26877900813191,98.9121398340844,98.9121398340844
45900,28.7678576602479,21.565680315716,0.0952693154991274,0.0606884773968482,0.246714546117818,0.757746777124864,55.4049279576278,77.1585338958561
45901,23.2998485452851,22.143736392239,0.0286747349860384,0.0500172299265783,1.14249667435133,0.885996742867017,28.8632828935512,61.0601168950878
45902,19.9664621049259,21.5994178204108,0.0436825467951488,0.0484335591437209,0.6047011707588,0.815672849839963,8.6516670418381,47.9580044317754
45903,8.90046601106091,19.0596274585408,0.0557994678135596,0.0499067408776886,0.603035172931301,0.773145314458231,45.0024801012085,47.366899565662
45904,8.89986300840507,17.3663333835182,0.130279248732804,0.0633021588535411,0.952933732865412,0.803110050859428,47.8079890057931,47.4404144723505
45905,6.45209030420499,15.8071558007591,0.103252629833724,0.0690093689935672,0.651291371523552,0.78142166809716,5.80367808973814,41.4923092748345
45906,26.6544036443734,17.1630617812109,0.0857627097196765,0.0711035365843309,0.672701653805258,0.767831666310672,17.1691203726184,38.4519106620575
45907,20.0278752935802,17.4813743936964,0.0140619354194105,0.0647655808993397,0.813863373425449,0.772946300434536,12.4791204382965,35.5660450816396
45908,22.7018144449011,18.0034183988169,0.11272476147924,0.0695614989573297,1.0942071906579,0.805072389456873,63.1117765877382,38.3206182322494
45909,5.51461235739506,16.8680723950513,0.0652930025803408,0.0691734538321489,1.44473671528793,0.863223691805151,85.7620228109668,42.633473193951
45910,29.2477463040499,17.8997118874678,0.122286596608013,0.0735995490634709,0.739269552514512,0.852894180197598,65.3601396876677,44.5273620684274
45911,25.8110660200105,18.5082775899711,0.0456189576203831,0.0714471958755411,0.698712129486253,0.841034022450571,99.0814467910222,48.7238301240116
45912,10.3084777669569,17.9225776026129,0.0179638911311613,0.0676269598223711,0.258849181567959,0.799449390958956,47.5647240919748,48.641036836009
45913,9.54562418017752,17.3641140411172,0.131330809725888,0.0718738831492722,0.405058417085134,0.773156659367368,62.2111538731685,49.545711305153
45914,9.58511274633585,16.8779264601934,0.040944059423812,0.069940769166431,1.44046089669508,0.81486317420035,28.9840534465856,48.2606076889925
45915,12.6060560739884,16.6266399668872,0.0666985227266164,0.0697500487876183,1.42069100856615,0.850500105633633,97.6243282659366,51.1643559582245
45916,18.118910790806,16.7095439015494,0.0542535059425492,0.0688891297406701,1.3345539936191,0.877391988299492,67.6337319140359,52.0793212891029
45917,15.7986254660529,16.6616008259969,0.0207327779995026,0.0663545849121876,1.00497478736475,0.884106872460821,44.6125579886799,51.6863337469754
45918,12.2807285049511,16.4425572099446,0.128051457192159,0.0694394285261861,0.399354736982852,0.859869265686923,29.6790466849574,50.5859693938745
45919,20.2963223680595,16.6260698365215,0.128851480684281,0.0722685738670478,0.991564819329575,0.866140482527049,51.460268720667,50.6276026951503
45920,8.48734651630105,16.2561278674206,0.146005112800954,0.0756202347276799,0.294804752778865,0.840170676629404,12.1336286838035,48.8778766037255
45921,12.3036162133805,16.0842795346363,0.0639527680153193,0.0751129535662729,0.742185698427508,0.835910460185844,23.4685241448863,47.7731221489933
45922,14.1590460823423,16.004061474124,0.143628337515213,0.0779677612308121,1.32340845921885,0.856222876812219,48.3766781615078,47.7982703161814
45923,16.4017496054259,16.0199689993761,0.0724061705175606,0.077745297602282,0.461830428213903,0.840447178868286,25.0330575212312,46.8876618043834
45924,24.6293990348253,16.3511009238164,0.103761451241053,0.0787459188960809,1.03079153686754,0.847768115714411,39.4102692431095,46.600069782796
45925,9.991844553959,16.115572910118,0.0215500069576018,0.0766275517872483,1.30774407045174,0.864804262186164,82.0684693289723,47.9137142104321
45926,17.8558609603403,16.1777260547688,0.135593801197415,0.0787334892661828,0.308387288261907,0.844932227403155,8.37953773099311,46.5017793361664
45927,19.8103642215511,16.3029894398303,0.0517204900964268,0.0778020065361913,0.888129941422562,0.846421803748652,92.3918043637393,48.0841939922896
45928,6.16126031799994,15.9649318024359,0.0467226751634934,0.076766028823768,0.322817369338407,0.828968322601644,23.2647121189363,47.2568779298445
45929,20.188621297536,16.1591024133143,0.010718136869024,0.0762530454095832,0.342052897215219,0.798077452237754,70.9307769761916,46.3241658345814
45930,9.26310309218229,15.5089439277121,0.0860483521392568,0.0759456799642542,0.245632145386324,0.798041372213371,11.9459802204786,44.8755342433431
45931,6.62628982463199,14.9531586370237,0.0765834913810154,0.0775426385107534,0.384112630200234,0.772761904075001,60.4994082287955,45.9300717545179
45932,28.7221384313333,15.2450145145706,0.0990923148600132,0.0793896307795822,0.737265015412043,0.777180698896776,41.2724612707411,47.017431562148
45933,29.140800826864,15.919692341764,0.146948578771481,0.0824279344781796,1.2124048827195,0.797493022556383,83.8461155927736,48.3122194118669
45934,25.2099337029115,16.4633613649143,0.137212786096352,0.0826590523902979,1.48715175337309,0.815300289906639,25.753012356552,47.5770535235588
45935,12.6153442293343,16.6688031624186,0.137421430609222,0.0837980124161478,1.22702408081263,0.834491380216275,46.316061154604,48.9274662923877
45936,7.4418028501596,16.0283831359448,0.0835357939550004,0.0837237818906586,0.628381568002991,0.833014044022866,56.1858375655255,50.2280235321513
45937,22.1058256628039,16.0976481482522,0.0245626529796668,0.0840738058093338,0.822032395870575,0.833286344771037,25.943069779364,50.6768218435202
45938,16.00381234349,15.8743814115385,0.0353280433361061,0.0814939152045627,0.182458489920908,0.802894721413137,11.9138909043075,48.9702256540725
45939,8.05095587111947,15.9589261953293,0.143425630938144,0.0840983361498228,1.09553396068424,0.791254629593014,72.9370824344944,48.5427276415234
45940,17.3794227527818,15.5633154102871,0.0676734176740902,0.0822778968520254,0.201510938756691,0.773329342467753,31.697319814106,47.420633645738
45941,5.85971302788046,14.8982703105494,0.131102396885005,0.0851273448275128,1.33565621470183,0.794560811974939,82.7496425842233,46.8762401721781
45942,27.7330100519696,15.4790880533832,0.104104819126665,0.0879987090940295,1.11648094599318,0.82314853745578,45.7149861380088,46.8145822403792
45943,11.4694995400004,15.5432172320439,0.0980300114235026,0.08688868248395,1.26671269741846,0.851870346800224,10.3197539809488,45.0848689106385
45944,21.5630571088496,15.9424820441277,0.0485782287308533,0.0871431547941848,1.09432295736146,0.840332415489103,88.8331205233763,47.0798378131982
45945,12.7927769022353,15.9487060717359,0.135544617763721,0.0894380246287549,1.07640188548587,0.828856111386427,74.4336586681004,46.3068154932704
45946,18.0017005294453,15.9447990630239,0.0389647919880711,0.0889284008302723,1.40214392477144,0.831109109091505,13.0712952680451,44.4880676050707
45947,18.667756983582,16.0404367802749,0.0666167340305571,0.0904578660313074,1.3343418484002,0.84208801112602,85.7310380966793,45.8586836086706
45948,9.62136138813818,15.9517912097145,0.149100148935175,0.091159489089408,0.232960776615041,0.836541545780427,7.62688884764659,45.1236116807603
45949,29.239615694114,16.2499009872496,0.113001791410997,0.0906311661136318,0.739094984132363,0.828125884607186,19.2112465998955,44.0486442767346
45950,24.3783205840279,16.7796001228405,0.0723085977485556,0.0881746156118852,0.789812888599302,0.844626155801201,18.0445149133367,44.245673817719
45951,28.4874735391047,17.319062033698,0.0884928437221229,0.0889926181354453,0.252562905510165,0.828305396037289,92.3055197683188,46.5402403385001
45952,27.3706837606912,17.7594499563096,0.0675757684721289,0.0864575325006759,0.31522824520645,0.794699388903543,66.9669146511233,47.1599148881539
45953,19.9474994702771,17.8776416184713,0.111778318875518,0.0877699374459411,1.47799764662912,0.828571629517383,26.2506187783435,47.200500263391
45954,28.0468558755779,17.9915568464964,0.0658875640265705,0.0865074745387917,0.480184215196728,0.810218052128356,25.8803090309473,46.7495015896523
45955,7.21231255129799,17.898905779741,0.103820323058333,0.0892498184088161,1.35601264127412,0.811827004489102,98.4196199387843,47.2945399433127
45956,9.89957156047863,17.633696133079,0.108660185103276,0.0883520312056781,0.329928503733719,0.812545045004829,68.2007420588981,49.2885800875762
45957,6.13068222276345,17.1777067331194,0.0953383819762664,0.0898059609350061,0.285301612633943,0.792450767378542,40.8347571116128,47.5700118458386
45958,13.1332582690816,17.4101066648221,0.0856048249854318,0.0911020325957374,0.544294763737047,0.79983334719183,7.35305730064315,47.0396233518955
45959,14.7169322422371,17.2277170296455,0.0388514591278623,0.0920398100043653,0.530391582355871,0.806111303363185,44.9435384822592,46.1733820687644
45960,11.7837257943474,17.3117377863843,0.0378826067271783,0.0904342851572961,0.690877261456161,0.820952807232179,21.5020711991856,46.4919184347213
45961,25.7184377287982,17.9481427165232,0.121403441074246,0.0919282834804037,0.563394947121073,0.826928884462874,32.9364054183745,45.573151674374
45962,13.9188331673397,17.4546992077234,0.0506465888879059,0.0903134259480002,0.895305522089746,0.832196901352131,65.2991090824357,46.3740399347638
45963,12.0233627421845,16.8841179382341,0.10183479589534,0.0888096331854621,0.233398526185608,0.799563356134334,72.6772247161148,46.0017435722085
45964,18.5674020789562,16.6627002174356,0.0519463486129835,0.0859674186026831,1.21716847879166,0.790563913648287,47.3649172362726,46.7221404015325
45965,8.52310562436907,16.5262922639367,0.030226972979196,0.0823942700150156,0.476118918669099,0.765533741576835,19.586827086942,45.8311659326105
45966,25.054924518851,17.1133963195598,0.0665539333772657,0.0818282079957578,1.37598087809131,0.790453718579779,30.3423566274727,44.9697165680087
45967,6.86376609199427,16.6053276671995,0.0534377337582426,0.082790710688377,1.3624415715322,0.8084673577685,14.878989727345,44.6009138996081
45968,29.6721734150129,17.0609397029169,0.0440757222793347,0.0830822999864846,0.122200920491769,0.806458772120862,10.3821961573067,44.5498574080414
45969,24.3061192324164,17.6027784816268,0.0923345659721726,0.0813792644876189,1.29515514437516,0.813112811577226,49.6845525461702,43.7747730784306
45970,9.96789203835431,17.3557274578125,0.0443480554148704,0.0806017524123116,1.04584864313808,0.841257401723273,99.0870916196363,46.0210988052816
45971,5.13805292809006,17.3316721211529,0.114687885651001,0.0800546020378448,0.152752409260611,0.801827274875232,88.1015391235371,46.199495356592
45972,25.3865357113709,17.2534563097996,0.110820530699591,0.0802784590902757,0.532526965951673,0.782362142207182,16.9666032514216,45.2412159270391
45973,22.6714335961904,17.6268541116726,0.107336521373713,0.080588676088616,0.889949288817041,0.769803361920468,31.186416276712,45.9367713368979
45974,23.2251792010247,17.6822581814117,0.0243839890002496,0.0797822014309292,0.931708681233909,0.764382886049549,60.8747265113534,45.0048248698305
45975,24.2817586671486,18.0652242402422,0.142109939945801,0.0800010455036652,1.05313877091135,0.763607448897065,94.0901587096317,45.6600415378815
45976,6.85111629335226,17.6935380990391,0.0804675486049895,0.0813844707242292,0.985404555003043,0.749716136571452,73.578830557149,47.6769593808516
45977,13.9616432136068,17.5366676400399,0.135954306711438,0.0836957231469252,1.41418348535889,0.752377524470075,4.90256048574036,44.9826767938204
45978,7.89672648812824,17.4791798100396,0.037801183821084,0.0799857576431222,1.13196742983737,0.78234441291082,16.836280665866,45.2896565210943
45979,26.5775856468898,17.3904454751321,0.0932228861545803,0.0793264608012416,1.14279771409067,0.795801170576097,7.35898497255282,44.8945811335162
45980,20.582453170689,17.2639165613542,0.145157201434817,0.0817547475907837,0.252439833406617,0.777888735403007,45.0104962279941,45.7934471773382
45981,13.2724506213162,16.7567491307612,0.149817754425536,0.0837989112808974,0.791089381639607,0.795839617940655,84.1374764366887,45.5211790662838
45982,6.58895875715059,16.0640249639765,0.0133836074972763,0.081992505915069,1.31345145050105,0.829113724783808,56.1960020084323,45.1621486448608
45983,12.7745580428916,15.824926916397,0.0773824666837443,0.0808459775086765,0.125557150756133,0.784032374921375,98.8036486393251,47.5805829735602
45984,13.1295830506687,15.3276844889,0.0507991765543051,0.080343031259601,0.356065209036793,0.779895074716044,76.5563646799305,49.2697848285263
45985,23.2401544584516,15.8619458858051,0.018920879564424,0.077513049809804,0.257751829319333,0.743286380984218,94.1468951948321,49.1273606703945
45986,20.9389367838803,16.2299247265852,0.0897474158520282,0.0768826241680958,1.29461672289655,0.775442654956312,72.9480912209726,49.2856056424637
45987,27.1803185644082,16.9315792713067,0.01071165985789,0.0740617334308166,0.167835808323115,0.771527128145951,26.0105923224021,48.7914668161567
45988,16.8053731290487,17.0539830999723,0.095578862553803,0.0743942013497623,0.79920045322438,0.780023984462196,90.8379363211151,51.5742961168391
45989,7.98985614845754,16.8297472301796,0.131825406784843,0.0774933329383283,0.804325816588611,0.789155125603287,68.7875461257759,52.3690963716229
45990,22.8311196805749,17.1979936930539,0.133704205096345,0.0806873862173005,1.17061798907821,0.805146483190689,11.4182568233169,52.0329692257607
45991,24.0196262154224,17.141366642608,0.143604727647445,0.0814274291030738,0.586470483644715,0.805915667741477,60.8195820620853,52.9624084472177
45992,19.0319299392374,17.3118032016713,0.113580934772486,0.0835252406325598,1.40398650466897,0.822871700494118,73.9888322897805,53.2520658874625
45993,24.274179498864,17.7201637602272,0.0358598140568724,0.0813260745712776,0.518888282150834,0.832388025692959,24.484936305709,51.6456562737823
45994,17.3448899091098,17.6794133545657,0.0708549649521527,0.0819563617825832,0.871581277287206,0.820868452309477,98.9096050496373,53.3638125342278
45995,18.0683207345499,17.9975871915717,0.134025929376702,0.0854163269958334,0.18057736343653,0.811017067135058,84.2384476074729,55.5188665515788
45996,15.6885254589637,17.6853738895755,0.0457064792468715,0.0847214118581536,0.933429523360736,0.796265355310705,43.8769237106554,55.9700187876849
45997,5.63547816860238,17.6444309587957,0.0720637772620578,0.0853422799749475,1.00026181140043,0.784192696639646,72.5527655167637,57.8924779806655
45998,7.69728567483261,16.9119347007897,0.0963711766149253,0.0870854617861338,1.13767164561562,0.818041720810442,67.1949625633607,59.7862368608673
45999,5.78572964216836,16.2945883811148,0.0244693515229416,0.0848232879711595,0.238477710575216,0.782819139683777,52.8512001714505,59.89179178171
46000,20.9102602815945,16.6593339892228,0.0786153525496687,0.0859655312089861,0.582685830491808,0.767380379262235,30.4905632197621,57.6052408350476
46001,12.8588995269082,16.9166955425167,0.0162586163410046,0.0826845555653195,1.06495564052183,0.797787153637608,57.5275849806449,56.5861090302845
46002,17.7142672791176,16.6609532614416,0.0536278457032811,0.0807781327321092,0.355026816871852,0.791870482001614,57.8248005659937,57.9480489407702
46003,27.6891618481523,16.8282108698404,0.115285556091244,0.0810431005560269,0.103557739808508,0.765657430367997,5.39773647763071,57.0884262808008
46004,11.2323057287219,16.4284484207636,0.110169872113929,0.0839026299931495,0.474575829899217,0.75041966865684,45.8732591601815,56.5883773690951
46005,15.2595730758907,16.127708901055,0.141817594126164,0.083892885132495,1.07877870252984,0.751274333044123,99.0107024417203,56.7523954934981
46006,23.8887784635762,16.6956309733958,0.118765351339228,0.0851694785569696,0.686508155355632,0.741311119722543,23.4448798582288,55.0812638035341
46007,10.7199541372906,16.5875746708519,0.0401319920982061,0.0819754014031952,0.546704938952082,0.712395168175649,47.8514875451809,56.5128947055154
46008,6.92449774571982,16.555167046105,0.136695965288655,0.0852718941187809,0.397072503697654,0.687898670637658,8.80654057478932,56.2452367024795
46009,12.2437863228442,16.0773737353035,0.0873169805815965,0.0850750305996814,0.538235312499599,0.667746590584623,96.7714985807018,59.2256538227512
46010,9.03053218135011,15.6923097023255,0.12828570426076,0.0845126473605462,0.618615844032163,0.679952457605474,41.3501576900455,59.1036425381529
46011,28.2424413085643,16.1913093919004,0.139148527728226,0.0841570064706358,0.284915750842851,0.663080003245582,4.01686081041579,56.4329553506104
46012,25.2030094891104,16.8117777496324,0.12605457905148,0.0879127055224426,1.04821927310716,0.654238930665786,8.40091187675943,54.8397856795547
46013,20.8350939127606,17.0804622786281,0.0651877197143617,0.0875062139567965,0.813729409780761,0.677178005966607,8.37084766837059,51.8253589805229
46014,26.7865147546929,17.5356933354289,0.0937463391214977,0.0889377860423696,1.30039649812412,0.708655715602852,37.9567804442713,50.5387061726675
46015,25.0918019224779,17.5974149175631,0.070577731138904,0.0906596810948523,0.100509285238658,0.703414297466829,19.2676189273107,48.0427302970835
46016,9.6642514721509,17.2215920738388,0.107180599004573,0.0912407871999371,1.19080299838925,0.699953839983252,13.7596443465934,46.0697820679375
46017,27.3139749622494,17.2260472871001,0.0778561085445077,0.0934789354894911,1.20921324905501,0.734666421340982,24.3947003999657,46.0159190038563
46018,18.4835560478913,17.2819867177282,0.0279564478206503,0.091224854998386,0.189795506579707,0.714352923119493,41.3142670868647,44.3651300293813
46019,25.1860038791016,17.855191642083,0.100211869525934,0.090171070423089,0.702026627369438,0.710942950145521,7.96661551344288,42.3377656756369
46020,27.4022824980873,18.0075637360001,0.0386588702638917,0.0870028925953406,0.585134101070369,0.691426820545259,35.2078740303848,43.1307529158725
46021,12.9500868742966,17.6385790912959,0.114293997574512,0.0860258682595762,1.27834533931297,0.714489315734201,15.6176334588725,41.6240212957654
46022,7.75129811319192,17.2625580304277,0.0247864088963616,0.083066050730372,0.777774363148147,0.693615577683507,38.6902798939413,40.4474028825707
46023,10.6983790635485,16.8100313492506,0.0110233291213495,0.0822381678991879,0.462292326863545,0.691729045840597,74.0173281445957,42.0984826105336
46024,15.6776947156564,16.7544581761354,0.0568284588174105,0.0817706176946965,0.263695847655868,0.671466198186219,87.5533530852038,41.7199408783858
46025,25.4503691480623,17.0005264565859,0.145695770536348,0.082159612400018,0.962601261221376,0.697533661445714,93.0129647338689,42.012424782599
46026,26.5182645814086,17.3615177606674,0.108136596520663,0.0842406163091444,0.592421952155331,0.686166742405534,12.237723324396,40.9577847697237
46027,5.17380326327977,17.3461285971566,0.0679159748626671,0.0841023562291647,0.818840864499442,0.680119377508834,53.9266228581304,40.3369133477693
46028,17.7686825644391,17.6818418268102,0.0269053038722102,0.0817868271377408,0.607545210288095,0.66244849633125,41.9434399941305,39.4951959287949
46029,15.4352750787195,18.0034933413619,0.0184508962092175,0.0815862119606167,1.47294593187258,0.703597437041162,96.5153881581746,40.9506688616857
46030,10.5526952617683,17.6582411740343,0.111669634326509,0.082688021353178,0.667960228379495,0.706439916970752,60.8568684840563,41.9628790371622
46031,7.99663418334207,17.4961656625821,0.136763137803886,0.0867048387352741,1.22475155559875,0.711766447473315,81.1699159288349,42.7509567354352
46032,13.4403792850907,17.3537027294479,0.0122436285104967,0.0853253648288479,1.04754870614467,0.734850510449076,75.5931581397103,43.3432353212258
46033,28.572742597813,17.3831554211032,0.0917797162999021,0.0845418368358032,0.475418488038942,0.747245868723424,65.8749196354637,45.3591414264869
46034,13.0800733005189,17.4447476734965,0.112004567029197,0.0846029933329788,0.801285132638618,0.758136178814737,38.4051325137387,45.1102038716054
46035,17.9697655435842,17.5350874224196,0.0509076561986412,0.0815726620687281,0.666882384939394,0.744406301561722,32.4214445775627,42.8905619428002
46036,22.5754739723795,17.4913106060464,0.0831916662858141,0.0803868725669476,1.11954952030108,0.75884101372657,11.8400374948924,42.5037338640223
46037,14.0907400594824,17.6036701367861,0.124079264075087,0.0831851149661769,0.608494077302489,0.760900651671584,31.5942169089255,41.9618248428138
46038,29.294552068024,18.3493386141962,0.0934857772247612,0.0817447753640472,1.32891977209614,0.791962227284867,59.276081698724,43.6441428802783
46039,29.0611823735528,18.9099184825532,0.0629977475232198,0.0809341342621013,0.744986861988429,0.798853945601161,39.4777229295104,41.7343503585719
46040,11.2945573956341,18.985385989696,0.0208580927692959,0.0773532138790525,1.41014360825795,0.825238204408687,75.3143614173555,42.8664904828156
46041,17.4312126473096,18.6250117009875,0.0781668646724921,0.0753204917771947,1.29026551008454,0.858749863050077,87.1554623175694,45.6377771997207
46042,12.5219577454192,18.2023099761978,0.0755471468497895,0.073636910703805,0.540916777009131,0.84183977984681,93.2798057360511,48.4670736616971
46043,12.1210123594367,17.911840591087,0.0354148659421091,0.0726444822447299,0.779589753793747,0.840701791313909,60.6464816739531,50.2095947952165
46044,5.92217368386332,17.2163625553927,0.0198190308248532,0.0701802386348418,0.666435865198422,0.819569770216386,48.3592367350155,50.5563433382413
46045,20.2391083494974,17.05460610296,0.0811761305004969,0.0705335186135615,1.48113072762618,0.865590484962637,41.6874445064292,51.3036708575453
46046,17.5669755807215,17.3180302399123,0.0564592428763789,0.0688428067426217,0.754605266366179,0.851050560561868,42.7779386905622,52.2709473356776
46047,6.28696878124973,16.617130033879,0.040029694848568,0.0675819262860904,0.573233107667333,0.829851222515612,16.019354384059,51.9917691351473
46048,11.9661616059153,16.3998835524798,0.0232519651900211,0.0674251101984028,0.727856417445262,0.84778658621113,63.2333293106718,52.7224045426076
46049,27.7066471491663,16.4839049948153,0.12731027401376,0.068328390347997,0.342712345686013,0.835809443488349,42.4978281881797,53.8734449650988
46050,10.9890472666743,15.9367971537682,0.059715745856107,0.0690302862010708,0.902329370634332,0.846382619140481,12.3746328500339,53.1123369257538
46051,8.62237180228058,15.792539984701,0.125749910111138,0.0694121499522917,1.10526548062115,0.840613290517421,21.055666025086,53.2936046779609
46052,17.2363190069391,16.1087073478259,0.0136347176924723,0.069040426912162,1.34953570447313,0.85967200189492,88.0106539988778,54.9376171481254
46053,29.641261352765,16.7401367574665,0.0103135408014694,0.0690167673014994,1.2044743494201,0.884411402646805,24.1337466224463,53.2748310973871
46054,11.0513817877875,16.5859263265375,0.139418485184011,0.0717697681803861,0.778445544389664,0.901569725871265,61.2019327111075,52.3964504182506
46055,21.803388685147,16.464360311107,0.104350655141067,0.07039159766721,0.536993137191145,0.887382788403591,39.633131347343,50.6171226386997
46056,24.0404903832179,16.381767837834,0.149274041214869,0.0717628458236836,1.07353473724573,0.903419881239937,58.7129845626971,52.1662980133097
46057,10.94093859981,16.574005682385,0.0771307030016935,0.0720700034283178,0.911377696567977,0.906504442308889,73.1524372871755,52.8071584942779
46058,23.2054087152965,16.7552298874135,0.0322792495175574,0.0722491349498294,0.645346693290469,0.907764491742301,52.1945810324725,53.148863195556
46059,14.1945783179813,16.7138733287223,0.143319627388976,0.0764114259891546,0.743551220497664,0.88345133469647,82.4598760131481,52.6803461240551
46060,20.8076457648395,17.055705012158,0.0332498242962296,0.0737974323214787,0.961539958955654,0.893237325715676,33.2123765707769,51.7588630602791
46061,20.8382427690224,17.4837586316807,0.0616999429860275,0.07129532582755,0.280459635980415,0.861760928395065,32.0084962117365,50.1201490697092
46062,18.394367101869,17.6488915589066,0.140838397741839,0.0755818181352614,0.925271494640028,0.85768502134491,36.154756373619,48.8055356775061
46063,7.25724425136021,16.9383749473582,0.0214297590715207,0.0732368195609821,0.87288549383962,0.870933921538266,10.4168630267129,46.9569337905478
46064,25.882562389731,17.3651245836652,0.0735546960459435,0.0719551571948736,0.781968426200597,0.870290031323665,98.350208782865,48.9551029995186
46065,13.0195016242934,17.2001157863556,0.134220682832471,0.0747322580826679,0.86918986564724,0.877033614013927,17.2126762042135,48.4481440537403
46066,9.66296275999636,16.7696987459428,0.0547167084399892,0.0737830928211404,1.4705863815123,0.888734842720968,93.7494923893103,51.1784592168876
46067,6.0193785388691,16.5006533619223,0.1447721112802,0.0744728543946442,0.339555479261686,0.879770222786274,45.1396324785114,51.6299730692071
46068,19.7723235797061,16.1832457456451,0.149632164048788,0.0763444006221117,0.838537441848445,0.863424145111351,31.4309020961988,50.7018004157896
46069,21.9391090460571,15.9458433013952,0.078042173368382,0.0768458814836172,1.08882722650537,0.874885490595249,55.3354542908017,51.230391461166
46070,5.4146957231964,15.749847912314,0.0549808223807618,0.0779833058039994,0.853921006193299,0.856344737193094,74.9002169995752,51.21658664724
46071,17.802326457482,15.762218372653,0.146281459731458,0.0802537923059649,0.667798386843125,0.835595833085047,55.0403993086268,50.1460845469419
46072,10.6623943799485,15.7002329271373,0.149820595083244,0.0827295739137467,1.16280548230196,0.856325456594808,51.5594585296708,48.7554063067292
46073,21.1293197602363,16.0005098404973,0.0723298340185141,0.0839600728496269,1.0976468427362,0.866927359559556,97.251235675016,49.9755647734313
46074,9.35916072512479,16.115076075206,0.0162643973618558,0.083841585067527,0.383769829913266,0.857505158383384,32.2877049703504,49.4398470479425
46075,22.2734434525617,16.1828872453082,0.0725885572896379,0.083555332627165,1.47578303950409,0.857326902112648,13.4179808903329,48.4975315940726
46076,14.6683836575134,16.0862675145346,0.109424471971588,0.085320840263672,1.20146592927934,0.872222257543087,80.8455529225684,49.7664520684728
46077,28.4182497184184,16.8239768791069,0.0976499858682059,0.0872415166309932,0.108236292897262,0.856722363717417,87.8429136799155,52.160570711668
46078,8.43802360364983,16.7063722790314,0.103890967829575,0.089929483385645,0.882676225633165,0.861883023990347,59.3282579193426,52.0304016652904
46079,13.5266587762565,16.2337059999344,0.146068640378537,0.0905547622644709,1.1674608059708,0.889374639333174,98.572784181805,53.8995668650779
46080,7.83683803101473,16.1286323587457,0.102675973724017,0.0919867698600679,0.441381885537388,0.874009723163276,53.9248460611257,55.2845739721143
46081,28.1173404569641,16.7784646472352,0.0228030283300729,0.0885552071340324,1.15406828880305,0.875636483436006,35.9609511236047,55.7814168087316
46082,26.9334838345245,17.1017034748213,0.0925623414293479,0.0911861279252616,0.139962535124116,0.835317377791039,4.27567886873609,52.9902509710602
46083,11.4485406928789,16.4952794528251,0.0396213408968775,0.0921630545951085,0.210567660559276,0.802187154829011,90.783054574644,55.2118945694668
46084,21.4996011508545,16.843553431594,0.121310588899939,0.0915594580523061,1.17593543875837,0.815436817974635,97.9146002011214,56.4356501524673
46085,25.4305550050304,16.9644589755902,0.0590428375118993,0.0900491974646672,1.47442605396167,0.846684581866985,42.1772636850788,56.5204545637251
46086,18.8800202899866,16.7924433058158,0.0803411068700419,0.0877514329865063,0.813124457245669,0.838004239200317,76.4534217041688,57.1118024684408
46087,18.2412644589002,17.0357875011188,0.108495480458423,0.0887969255683973,0.508792804700342,0.824584742804729,28.4428874515128,55.6214841405854
46088,11.0463072725113,16.6304841196926,0.0340278746285114,0.0888552130720957,0.523134137752374,0.820510990953459,93.1509693884887,56.986697085786
46089,7.32756919514748,16.4015838155981,0.0941483217585063,0.0872161695510801,0.392037358976594,0.80879386223609,6.44933580620125,54.4530124122211
46090,27.4303939488332,16.6223420883979,0.0324048455034682,0.0871880035913214,0.174084659017058,0.782545352238137,4.75486899609176,53.5044288263982
46091,27.5104514290833,16.8447490437333,0.125720976188383,0.0893220380313999,1.45771248830656,0.821787113982342,11.3274578848977,52.8150608821702
46092,20.8275364318317,16.9258546880654,0.0565782279889525,0.0865133657063037,0.202888637539068,0.79770768541231,59.3144393209885,53.5870503137492
46093,13.4757447762175,17.133138038894,0.086537606126323,0.0886836272747971,0.815327578062231,0.79578908821973,88.8380190917373,56.2010888492501
46094,13.7302393653165,16.7280606047468,0.126299484649927,0.0904417868949299,0.670454001523846,0.792071940730505,16.3766744168144,53.468637703715
46095,23.148891971756,17.0657069496622,0.145669388699568,0.0908234104238332,0.904487515819614,0.793248529069584,44.1157142292557,54.3654056378831
46096,27.4277564988144,17.6578667409562,0.055854896877826,0.0908613500384277,0.994578553347568,0.777381601464093,99.1018029808752,54.5438159909353
46097,27.1771606066279,18.3631261432148,0.0223723347456388,0.0867813574872757,0.299857499755971,0.776058335480569,38.7246799941394,54.3299842414562
46098,24.4968886464406,18.5206116454393,0.144888477329141,0.0866232345966208,0.781101690010221,0.774143810419295,87.7699165662834,56.207951390459
46099,21.0507911538572,18.4910010490326,0.148502482115964,0.0889719115548735,0.281908009862374,0.747246503197862,68.9286678986646,56.6610585107211
46100,7.10349912487622,18.5472944957553,0.138670792187839,0.0917615772151094,0.494113220241226,0.735252910332793,63.9545521319186,56.2962030151326
46101,9.04071785236534,18.2552408755847,0.129067996607467,0.0911877951109764,0.346861775454456,0.724555023286504,66.3214633434325,56.6722384829594
46102,27.463854713177,18.815289553359,0.0791169839539752,0.0888310080733341,1.29024563765677,0.728803028464997,95.1543152117743,58.1254003723629
46103,20.1607264914898,18.7830031110675,0.0756063181378618,0.0889402242106457,0.328664334607341,0.703170278194035,89.2074309807655,57.8572735492212
46104,5.22992629041574,18.6453619632438,0.0882533928540844,0.09133985739372,1.23168361834445,0.731434071141741,62.5484922799226,58.8659664595403
46105,7.5367885716508,18.1541401338801,0.0249663086832655,0.0897524491068409,0.964589339012901,0.714394281125369,84.520405946019,61.2360472947298
46106,21.5875442277014,18.3847788195531,0.135823192790632,0.0906324064674757,0.663379098573878,0.696458053435187,47.6561295838692,60.1297331834398
46107,5.12653959615547,17.6083884821443,0.0961206090484001,0.0905814272401488,1.0462748974517,0.727726006920335,54.8586054325407,59.0302562418607
46108,9.02020128543747,17.6277944048706,0.14888641401728,0.0920812754464056,0.131230606008851,0.702677819599524,86.7581418935624,59.944585707668
46109,18.7183447341647,17.8008506034675,0.10696069564796,0.0907776772887197,0.603667034225084,0.683884693874667,80.1288070734947,59.3297864707243
46110,22.2973799423173,18.2828686671776,0.0596628792515257,0.08934390747297,0.587694596790951,0.688761784249786,41.4090608564887,58.9125936305698
46111,21.299031487565,18.0555917015309,0.0342848703670753,0.0897266355408701,0.465100452976784,0.665796189722243,31.0978098762918,58.750488922326
46112,10.606732736514,17.5113666649306,0.0164635280791999,0.0871900084291985,0.361911096173945,0.673194475090571,19.4478421341975,59.2562276978414
46113,22.8044805336884,17.8898979929576,0.0557505587034695,0.0877276490227516,1.0532111865283,0.701282592622872,36.53124690495,57.4478341088516
46114,10.93122718742,17.5376188608431,0.0598112196837489,0.0856776700488786,1.33011754175545,0.706421996056108,20.1445698169804,54.8554997627135
46115,13.1349924539817,17.1277667758081,0.0771142094128513,0.0862800491122436,1.23226195564407,0.698349859445521,64.9393106085214,55.6142346601616
46116,23.6622851279506,17.2871756037403,0.102256937472404,0.087010576798989,0.352149248281831,0.682984019146727,80.8517832730354,55.7608467124572
46117,21.2408224761804,17.3871608709829,0.0220319096450087,0.0841284577718752,0.832969885323381,0.693789921834161,93.1964045360733,57.9192972819425
46118,26.2305852623545,17.8933034706444,0.0515023856592232,0.084710941472899,0.998193240850015,0.709625225270749,68.3101473394909,57.0912698803093
46119,21.4403223075086,18.3637285743898,0.0384792390150352,0.0828553053814499,1.38442959460568,0.742704966458385,40.9524872054972,58.2413749269525
46120,19.2077150833868,18.0896392788749,0.101302363215414,0.0851518893051815,0.977654173948073,0.769490616956086,79.9668052730218,60.7484394695168
46121,7.34186919570231,17.4173532044288,0.0908018917200751,0.0839879198229045,1.40586941783994,0.767762514607198,82.5830294114906,63.1236251870699
46122,14.1928950764858,17.196198492584,0.105452299098127,0.0856170555265437,0.331929381200976,0.772063872729262,80.2995496205949,63.8231288637234
46123,11.6300591920431,17.1346756397782,0.0403701959710619,0.0840781418547016,0.876971983971647,0.774118686259576,35.4023825586077,62.0419409792858
46124,11.0997410844771,17.0469923637502,0.013117764767633,0.0803054178586252,0.775111502595676,0.777607269628637,99.7521958100138,64.8211250257258
46125,29.3252638688111,17.2528714269854,0.0154563843480663,0.0759649843802418,0.672051253372053,0.769859394213718,9.67705176338493,63.6731696101967
46126,14.827443116669,16.8328609809138,0.0739399305477879,0.0765678188359072,1.13965715929444,0.774695347745281,41.1360027421976,61.7409762689075
46127,27.3011638794278,16.8369944233405,0.132865413658511,0.0802509214663362,0.59203046648813,0.784434446636352,37.6806993802029,61.7061769151096
46128,20.7784656499316,16.7130469901235,0.0854820060236911,0.0782707057561546,0.855414214077847,0.78691153077194,37.1225874516686,60.0179326112891
46129,24.8702825885412,16.8403633712797,0.0835690596433825,0.0761062583404018,0.804378812317113,0.804327224187098,95.5347128945058,60.9048007778172
46130,17.5659273276298,17.1891109780381,0.0861916785992438,0.0743569545541153,1.48159803892805,0.837243384809992,73.6674468251349,61.2285639342577
46131,19.422597115659,17.5351736201479,0.0822986568891136,0.0727979765635036,0.276725199698166,0.834905498951449,83.8737196203924,61.8136391434897
46132,17.3129423454716,17.1968098745577,0.134089330333312,0.0746303881094814,1.10723606151851,0.82880517974684,26.3668071499188,59.5207222080945
46133,9.88107469495111,16.8541548146731,0.0674272157993109,0.0743577513648631,0.526398856921645,0.83539633049065,92.391493077536,59.6268576113202
46134,23.0613028815376,17.4485340343772,0.12473305296666,0.0755737400352823,1.11486117792506,0.831502249143337,3.25810369601062,57.6505113251898
46135,12.0193090610214,17.5979513840229,0.126510380610815,0.0789585424328673,0.6461636035353,0.820888057960751,72.9998625741676,57.2664932127948
46136,5.60789916078635,17.065296548459,0.0931853388295901,0.0775372806341659,1.24291642414782,0.840205968813215,56.4780235199571,57.5605563439977
46137,21.1368073976792,17.5989721418432,0.0377783350230022,0.0755925381666526,0.727711083157568,0.829587175003411,87.8975358725292,58.6618540253306
46138,9.42776698517622,17.6125576651678,0.118542599075742,0.0745810776686013,0.531760714058114,0.842938178605053,36.9455691866966,57.0014349351018
46139,28.5114646088229,17.9389949943231,0.0107603828953403,0.0713744005768474,0.690946408467908,0.845847491079814,72.9474061124027,56.7620549030654
46140,28.8482144250647,18.157356143748,0.0173844880946787,0.0699651208716191,0.918937344374365,0.856888915999261,27.0243588521117,56.2825648362528
46141,27.8716097555112,18.3764420860128,0.0913609885520753,0.0718676581444525,0.94484515599401,0.872880406099835,97.6667954130235,58.5015310208105
46142,14.2539675063861,18.4980165783419,0.045276282838748,0.0728280833031041,0.310897494840131,0.871179952722041,67.4177807507398,60.1005289746953
46143,5.38641541322169,17.9174144076597,0.046984071233771,0.0725358670541141,0.585678676740447,0.855595535729113,85.1741051333009,61.721957582307
46144,28.2079640646931,18.4933056369021,0.0161618556700935,0.0710808882536589,0.329462436792853,0.822240365563693,53.0697270228152,62.8194628225015
46145,15.7046037079329,18.5789593453672,0.135554921352701,0.0730289119849873,1.13099027002096,0.81886464270959,39.1614277782656,61.9602000614929
46146,29.1663704760917,18.7624288569719,0.0880427947354176,0.0725551072270877,0.376858903227397,0.819688297874442,50.7720798931745,60.9575432821642
46147,29.0904994272313,19.0240847553402,0.013304307045812,0.0722641871404478,1.27007081752523,0.834258328947837,73.9050661315009,60.3144986686785
46148,26.325236386684,19.0272397928179,0.09017161285672,0.0735531613803644,0.697913539388827,0.824249005565797,76.4228857086564,60.584923280984
46149,12.3612223017396,18.7246031259589,0.108421509237168,0.0758845703877688,0.941189550861588,0.809474337440994,40.7498676161551,60.5781692946726
46150,14.6274432150481,18.5719273970143,0.110065779789443,0.0761766842735698,0.638096893290004,0.798155761419059,33.8704923557233,59.0416255307627
46151,26.2784167879214,19.2031456500883,0.0724445019276153,0.0755647712804878,0.931347456767802,0.782338362716654,77.3465607000258,58.8670765737138
46152,12.9230501289069,19.160817485169,0.0695096813215024,0.074366684021267,1.38485190990239,0.817435780340035,82.0212637082628,58.9244670433028
46153,9.23731866715231,19.0810594676726,0.0487370171906578,0.0746455780619202,0.294397303317401,0.798016624318227,4.11215590355534,57.8814594881344
46154,18.9200315614588,19.3417358169053,0.142218735941363,0.0789489437677112,1.18032480005857,0.811523734233656,26.6591885298446,55.4450259121287
46155,28.4038693540195,19.3110226664123,0.120524107107794,0.0824512011930354,1.03129547168166,0.823498541510643,59.8633032883087,57.1179009629595
46156,22.4007449168743,19.5634660597525,0.148865752548325,0.0849487285930533,0.66815028359748,0.807781645654078,62.9288750865948,57.8443300411061
46157,19.2515292522341,19.2951449055127,0.137107075830602,0.085090117332123,1.45953878603573,0.836698589638998,24.3484636139087,57.3999221822296
46158,7.42941234426921,18.8501764619906,0.0670399948521818,0.0844753836264061,1.20920351528075,0.848491566345761,50.5443947734124,57.8473157596211
46159,20.3751806674792,18.7003397312885,0.0711470140187008,0.0840613154389167,0.315342410210298,0.832190352942201,29.2336442271541,55.637280137376
46160,29.7513462526066,19.1065203621211,0.0972991531391844,0.084431564590248,0.741976935311403,0.80753631615498,6.49523425040162,53.3982063848849
46161,8.5021003809131,18.7425038042962,0.0554003011489722,0.0835349527322433,1.09661637961581,0.834866022152234,78.1122371187291,53.2061569681628
46162,17.9582413090934,18.7640137697503,0.0145620573213686,0.0795507102985119,1.39223236807223,0.844365899037359,51.3897774112058,54.0402559768723
46163,26.9343267981989,19.3324555065252,0.0330184024660887,0.0784037498540711,1.28024605516129,0.86949413897868,20.3216665645465,51.6379284264394
46164,23.5192154438551,19.3477192586025,0.0878822238371433,0.0771753888830872,1.4391242569374,0.880302908279091,95.4116559791819,54.7097135025451
46165,22.4253935248817,19.6945887407311,0.0851862865828985,0.0757979190821567,0.502509057987112,0.875514423427485,73.2498514142816,54.7180464638822
46166,22.5621020996777,20.2597288386942,0.146053357379391,0.0775601863671501,1.27746561953887,0.876666063273853,27.6682284763114,53.7577199624273
46167,13.9872787804939,20.0214112181213,0.0844250589567891,0.079115077164943,0.481611347105749,0.868462738738793,46.2227505652015,52.3685604521831
46168,12.3397961066123,20.1184788555025,0.103445937857337,0.0786118551243295,0.538534388891023,0.86868852789989,64.5237924133086,53.2878345597368
46169,25.2340288869628,20.0092309981072,0.0479770344150851,0.0798524101749876,1.03893080481989,0.880288007778289,81.6038494932317,53.5763826724311
46170,25.2528348669795,19.8893850128377,0.0650162647288555,0.0814401360627935,0.401439576585435,0.863038082185325,29.2542859149427,53.6507135745255
46171,26.6768079645026,19.8495582864707,0.0198320318523692,0.0790558375061367,0.638136148486594,0.852814448601744,43.3873639064639,51.8413991909735
46172,27.8310138139118,20.3021264967216,0.072138814469739,0.0799512552271697,1.49577096206512,0.892310230842577,84.2342776479665,52.4019490875477
46173,17.7835599715235,20.715364648665,0.0378337389439918,0.0796462441508437,1.29250551588048,0.915871125480578,18.0393573884185,50.1641241627183
46174,17.53790736718,20.3596960920812,0.018763400911008,0.0797329623255409,1.06410163782435,0.940359098848295,53.8717040620855,50.190856730694
46175,24.9573794741694,20.6681219509558,0.121064029546184,0.079249932598657,0.31637466722053,0.913205245421614,26.2922505492884,49.7618841563948
46176,21.2490982694441,20.4042128774008,0.0296672880015332,0.0773040823741941,1.18583550424129,0.940171132122077,81.3613669877148,50.7815270595461
46177,22.5491719314426,20.1861686275412,0.135042452429019,0.0813620205536344,0.785047832666552,0.924003699293454,3.10808214767385,48.4216275934185
46178,24.8948167359025,20.1384879725152,0.0355549666989681,0.0795414656817093,0.978350556375021,0.933351599859661,61.1100870603758,47.9112009718092
46179,27.2501335454392,20.6347850139718,0.123526328880479,0.0800449596698197,0.913685091495415,0.932434784547455,31.4089863384343,47.5998382625518
46180,13.4498789212884,20.5955328708465,0.13275623957076,0.0808013083291969,0.553859420530193,0.929626868788795,84.4010625090014,49.2841906009944
46181,14.3895738159986,20.1992381051157,0.0112412273623068,0.0787611991770199,0.404846037012956,0.912076821463633,48.4981959015609,48.3225784410456
46182,7.34954849602173,20.0134547173529,0.0964431506752043,0.07965898148881,0.273193001086069,0.875021524503089,10.6126994778814,45.9422929666995
46183,19.4570035249044,20.354110879278,0.123373902648825,0.0821468776707489,1.33997578448149,0.909874140541892,44.6482132542452,47.2934948783892
46184,5.89855684491855,19.92006172206,0.1399148289146,0.0820700807698568,0.401556391231293,0.883915193580983,86.4252006996293,49.2856952840487
46185,16.6399504533115,19.5279310920364,0.0916298744193011,0.0811069396802404,0.636995261106856,0.870771853228489,57.1291992649489,49.19455848327
46186,18.5661158676894,19.4001101237302,0.119690189110483,0.080134420898979,0.361394694676906,0.860546666931137,68.7141963197891,49.3874025243765
46187,12.1635313032071,19.1638435254293,0.0806550622266351,0.0782526871121801,1.26004557889656,0.853896893359831,9.54333891321345,48.8938983676867
46188,19.7708315142253,19.5752241644278,0.0910174434814263,0.0790519353998216,0.798979493862672,0.840222759312562,17.7210648391771,47.7997873698788
46189,5.76250624847624,19.0881350171277,0.0429915106138738,0.0781134186196607,0.496689696062307,0.846267668840962,95.422753460025,50.0060910109745
46190,5.93370471873036,18.2942136326652,0.0699414340311107,0.0772014946493915,0.364728182183208,0.833692710403356,86.4399053987458,52.670913382586
46191,25.5650140164915,18.8629774205178,0.101013868729045,0.0787219469020606,1.00575077421234,0.830663856889907,40.3343973583819,51.4116520572411
46192,14.0047660352816,18.7311949113907,0.0495417181996606,0.0798879355980037,1.2063166779742,0.824466667219972,3.14362725573679,49.8034470520588
46193,8.17651281629712,18.1059344453274,0.071390462179487,0.081167004255117,1.27893933892535,0.824423110012107,80.2172041987951,51.7999649732004
46194,18.0560815013701,17.9238299805779,0.142286363247906,0.082980475568809,1.34478277832078,0.82127839405822,62.3861924083366,50.6991161875056
46195,24.2498388274653,17.9846448239973,0.0249646414504905,0.0809730873977288,0.208647753668833,0.811483017247611,55.6151958999629,50.1112943370283
46196,10.3955256874211,17.5790922769221,0.0660875382438909,0.0783075600932121,0.927036330902287,0.799802040959725,59.9468368139412,51.1872479482826
46197,20.572261895475,17.7985917140881,0.121275905085031,0.0795359216308201,0.285678960921356,0.793270961420245,73.3424366945606,52.0912374859279
46198,7.1336866248442,17.6250547313625,0.0243920196980985,0.0769007910255122,0.15221711036945,0.780393718802859,76.3853524285066,52.4866228197678
46199,6.29204302921519,16.9936552027709,0.0875025263746413,0.078218307424164,0.777794722931593,0.771689182739916,33.6482278409795,50.8881020980261
46200,18.2838657892037,16.7613562335117,0.0591259162034911,0.0780219624733186,1.33339444463958,0.802754345008388,65.9667747387278,52.1118517254856
46201,18.5158780402527,16.4893252360367,0.0839933699651908,0.0801606737437459,1.23927012703679,0.822792144293394,48.7549682179494,52.2907718692018
46202,20.9357475374552,16.2594830268215,0.055976097009655,0.0796219164950765,1.46160089658921,0.821653142110864,89.2333813989715,52.4574086609019
46203,23.1522833430665,16.4384404725396,0.0207252638376732,0.0790516339915325,1.43707241025723,0.826472038590089,9.79182028642071,52.182490757502
46204,29.3963019865634,16.8337202931857,0.135261371047741,0.0829348996627569,1.38667943728891,0.837224631905574,83.5123851916748,53.1705134618217
46205,17.9075087075299,16.5987246009644,0.147700509723488,0.0838227823353338,1.31354945046322,0.870463791346997,5.39530058995597,52.4739484631772
46206,13.0739118235312,16.3262183861006,0.0696392744506756,0.0851551818836385,1.27281871494115,0.873363231703659,19.4062474248773,50.4087778110827
46207,24.8796548692176,16.4039011506931,0.108730849218209,0.0842781284432782,0.281463963848991,0.856577102743074,65.7762991004458,52.4977183761751
46208,11.7708062815519,15.9664341355481,0.0689978368309613,0.0853928907810113,0.305168233775017,0.83413769198974,62.2068809883461,52.5342781737741
46209,15.9742855176409,15.5905725346215,0.1168619104662,0.0851707435005353,1.38424395546168,0.849822987455283,19.4749154220959,52.1364758098961
46210,6.96140953355665,15.3742902216971,0.121658147686145,0.0848008071043815,0.863287113278266,0.860137243880218,60.8503116629983,51.351450781696
46211,5.63376858538644,15.0824300473434,0.0531170878029719,0.0861966691190703,0.626424377480654,0.867523188562475,26.8477911518113,50.629770623371
46212,29.0662103669481,15.8063187763743,0.0160793116184183,0.0835178744838441,0.777042027859584,0.884318156121592,34.8343641864355,51.4371594469895
46213,25.8995030128051,16.0210687593043,0.149349881803036,0.0843837404556512,0.679463962924469,0.862301095403025,51.2088477080034,51.6558472621148
46214,22.3993551523425,16.5710953695518,0.108529539018006,0.0833375641257648,0.134143668228667,0.853387337969604,83.4669814634701,51.5572399542428
46215,15.2238236103568,16.5238911414533,0.111133988360172,0.0839877012571271,0.193198395430826,0.838594109113736,45.006822049031,51.1531607137122
46216,9.33235800177114,16.2160992125893,0.101174468636933,0.0833705105746755,0.886384455295289,0.856093767801016,31.5348015732672,49.9138475554948
46217,8.91092606677715,16.1076790380417,0.0191688412128568,0.0813209698742162,0.946032740233261,0.845626673178906,53.8261162029689,51.38994013182
46218,11.2560724541149,15.823853736038,0.0172836181297026,0.0788631756958254,0.413465934451714,0.83277622119854,24.8641671137603,51.6280435409728
46219,18.730666617653,16.2561257483439,0.0785809902094181,0.0800494916823435,0.525021794296875,0.833720624473026,94.9839881673921,51.6134180312183
46220,22.8648980675016,16.8204988599696,0.122832031214487,0.0818125115884561,0.920633710402764,0.852250808747011,3.78168422868118,48.8581439922162
46221,21.5049344179433,16.6851628733513,0.147076491380311,0.0833479323434983,1.35042660408497,0.863740003076099,52.7877683652104,49.2732563591105
46222,11.9983474236486,16.6182822529635,0.0914876314065883,0.0847461294503959,1.48883390785786,0.873157244072221,51.6072675687189,50.8887110362099
46223,28.8716320165799,17.3081195596396,0.0230745351725794,0.0831355985501656,0.258603570359403,0.839146051786689,22.7481176477564,48.9730748178419
46224,23.4474229173942,17.4878309401738,0.0589895162756113,0.0803590369844225,0.585728471461859,0.813844241558059,77.0971673069245,49.4634406477948
46225,18.858851312785,17.3081313563511,0.142007466176493,0.0842604644752892,0.265059053406529,0.815724618215982,98.8440854722146,50.9044036335366
46226,20.2930186558588,17.6380477886323,0.101806926604763,0.085451110753985,1.18741543019719,0.824403921525812,96.5459330395983,52.1243735077251
46227,15.4900015606948,17.4686391108063,0.0706825848539769,0.0837646667462832,0.969353609853724,0.847193076490224,30.6371409438673,50.7008636493687
46228,11.1932747375289,17.6039587145625,0.144599546473106,0.0877715843054501,0.573868490009566,0.861248122478228,33.3659314575282,49.2668829503361
46229,13.8993169662815,17.8575345124647,0.115675517421717,0.0887106840070193,0.162819370444121,0.840748944061979,56.908019936364,50.0422093535156
46230,23.9461527616092,18.0462774115449,0.0329792071738618,0.0878391270393649,0.471325192639277,0.812013302328635,87.8059639669826,50.7701823277907
46231,5.3598372157439,17.6077427173946,0.0301010623602059,0.0860427167858655,0.110523881789314,0.774388427487053,7.60340111964609,49.3984634245139
46232,7.90181601267291,17.1732783332352,0.101771860000619,0.0875692422188976,1.34487650795681,0.770497614532639,84.2473973125204,49.2322639549656
46233,6.15006605054382,16.6065377568178,0.147163655559778,0.0917838552763011,0.335542852077322,0.733779962593309,81.4075421408479,51.6194546834465
46234,6.01822005797425,15.8272683591981,0.123471944527187,0.0913908743922826,1.23677348766031,0.728783097605689,92.1857562211546,51.9085670510958
46235,26.3865146002752,16.1099018889563,0.110241468263669,0.0901422396769553,0.518440809353247,0.702279476235357,13.9244330872475,52.1928714676722
46236,22.5914464845006,16.427153044322,0.117763704881868,0.0917463873579951,0.555096297823481,0.678355395664768,21.9417108621566,52.2773869155815
46237,16.8543457271831,16.1596427395875,0.0328082230971965,0.0892156331539613,0.531141222575496,0.686677970955651,28.8821414062491,51.0475816591083
46238,7.44585401627504,16.0154776640782,0.0784247218582549,0.0895298626548711,0.763226864682261,0.701946591985893,34.66754885094,50.1296039211947
46239,17.2903968779208,16.0593480427542,0.0955620506756386,0.088819867328519,0.684931802714058,0.678636186894305,90.3362755528825,52.4916492588876
46240,16.8367942695141,16.3885275339528,0.0365099110994986,0.0859815927756308,1.07431358024187,0.685670402459759,24.2696348377109,51.2722933647114
46241,9.33004674775038,16.5117368060316,0.0175558203609902,0.0847962171942314,0.140648021495989,0.66947785726027,13.2906420892982,50.8203883959609
46242,15.8462912309493,16.0710728348317,0.0466173569256901,0.0858141520378072,0.692097756131597,0.666646381536004,11.5194226658677,50.0432236786087
46243,14.9626183599343,15.7065100130693,0.134266470829385,0.0853113716720188,0.119737440558403,0.647988830790468,31.9243845829938,49.4004082411084
46244,20.3962524513054,15.6397399230347,0.0157766367742719,0.0822196082638943,1.46311093810589,0.692287739786375,19.5053853311398,47.2683550366974
46245,20.8773412716911,15.8281905117459,0.0503455668296475,0.0801933275462102,1.35121674869452,0.730888351561832,31.0909696295914,46.8044932893827
46246,6.13260024430111,15.7215319198302,0.0231543105614599,0.077592655610361,0.92346527053596,0.732124378736521,81.6637482294621,48.4754581779225
46247,14.3653153656618,15.9033448964597,0.105317873039519,0.0804642900045831,0.826740258470786,0.728147962677772,38.7223241064303,47.9719984413713
46248,20.6464978928559,16.2163590777511,0.0452830785885344,0.0813976053532109,0.697629344351814,0.737620076341108,52.8514168700657,48.9049067665814
46249,17.5784064645022,16.1779504059794,0.0792796962422949,0.0814208955543068,1.31676375781456,0.764011475125031,16.1198310621177,46.276101529739
46250,26.4122460297081,16.2961953380529,0.0514146689410553,0.079040316811859,0.738012430642191,0.757924099133012,5.16729151466008,46.3222884392716
46251,21.4673407904736,16.2949422171373,0.133418385371584,0.0785850466115681,0.444821767684593,0.727737271252999,45.1756128725116,46.0685499228483
46252,9.07336067703574,16.1974426589168,0.111006449515183,0.0792356738818546,0.891228149975616,0.707817079323591,30.7611362779927,45.3736788798241
46253,6.76421868501075,15.4605288811979,0.0376531179545477,0.0797216266412535,1.03357027198775,0.733649302711203,41.5475233279422,46.0003257358303
46254,21.0604819551579,15.3809641824567,0.0967457048984778,0.0809801662620158,0.56037141886525,0.732804067624649,85.6131640121332,46.2841922926706
46255,5.66278276354055,14.9410952308152,0.0289131013788175,0.0772103541020933,0.612336208937255,0.744379972809007,2.05690257660924,43.0579528628171
46256,19.6443895318366,14.9194742600144,0.0516963961346086,0.0755400030864214,1.34950734108552,0.749783036505285,36.9608090965308,41.0717820647148
46257,28.5057560356239,15.3533327425121,0.0609530021636791,0.0752156836634115,1.300865890326,0.760833445854361,66.8141337943992,42.2776818263992
46258,19.386854446897,15.6264520661577,0.0673173782562169,0.0726396113895152,1.45251854514082,0.790121781025402,77.9075150270808,43.7624012787176
46259,14.7042481551631,15.6532831057871,0.140931975730843,0.0734814933331527,0.409787552726519,0.798354053768149,58.729615222544,43.8231211215903
46260,21.0822054610588,15.5578181957687,0.0170633783581533,0.0729509657059625,1.21763869339648,0.823231170460056,54.3521832456631,42.7079950975463
46261,16.4563222622879,15.9277010306535,0.123258207106918,0.0760562038641862,0.652017795918993,0.841280967597712,35.5138005912642,43.6383417466002
46262,18.6404197328984,16.2856544879944,0.0975505823033674,0.0759154946076112,1.31766778610985,0.840374010202813,87.9381447967944,43.7613666627427
46263,28.5366202194131,17.03187296029,0.124657088371683,0.0751652757013413,1.48041673203335,0.878536472868014,93.4181587764014,44.1617205505945
